modelo,fold_1,fold_2,fold_3,fold_4,fold_5,fold_6,media,std
lgbm,0.25419114285714284,0.2657618766522085,0.26224445148938247,0.24550526398132844,0.26695099215619034,0.2396334447406281,0.2557145286461468,0.010287518775526359
catboost,0.2472899999999998,0.26203919958250976,0.26544805284891115,0.24231866481140374,0.2659731768828897,0.2379254811664948,0.25349909588203484,0.0113827795853542
xgb,0.25254357142857153,0.2676499071768943,0.2599490694302724,0.24833659641470884,0.2694156972542745,0.23783677257989133,0.2559552690474355,0.011044319034085936
logreg,0.2172694285714285,0.24221201310645157,0.24573586665456681,0.22965024116366806,0.2396790211427693,0.20646126102919737,0.23016797194468028,0.014180543823590153
ensemble_LGBM+CB,0.252207857142857,0.26563816954546615,0.26534061353066196,0.24444899943469567,0.267638487884726,0.23956473653506682,0.25580647734557893,0.011055126368364244
ensemble_LGBM+CB+XGB,0.2530145714285714,0.2668945751952707,0.26392841636771824,0.2461489634270193,0.2687452873841383,0.23936249130263598,0.2563490508508923,0.01100019156865538
ensemble_LGBM+CB+LR,0.24656357142857144,0.2648905371762953,0.2661083352610627,0.2447150697483116,0.2643384663733501,0.2348481811593135,0.2535773601911508,0.012105992234361068
ensemble_LGBM+CB+XGB+LR,0.24899671428571435,0.26670987004765223,0.26526029481701974,0.24651123423461652,0.2664334446995187,0.2364467460974904,0.25505971736366867,0.011729015168509507
antigravity_maestro_bcp,0.2533747142857141,0.2690338697396677,0.2631583677215379,0.24550585468611574,0.26589250922356245,0.23666356057300741,0.25560481270493424,0.01161153011910192
nuestro_anterior_(0.2618),0.260008,0.27104098760362394,0.26683072225299376,0.2473428621891638,0.2667733412432456,0.24206711179583684,0.2590105041808107,0.0107265822019157
NUESTRO_FINAL,0.26144042857142846,0.26795618065001836,0.2704757154644175,0.24715527122590064,0.26759325237437404,0.24245979169085885,0.25951343999616633,0.010832045529367507
