feature,importance
banda_riesgo_enc,57224.085228443146
numero_productos,29881.62122941017
dias_ultima_transaccion,25294.90916776657
dias_transaccion_lag_1,9752.094178199768
tiene_tarjeta_credito,8082.600179672241
digital_score,6106.289409637451
numero_productos_lag_1,5439.12325668335
ratio_deuda_ingresos,4455.067762851715
activo_movil,4303.170907974243
intensidad_productos,3499.26269030571
ingresos,3360.2210190296173
canal_adquisicion_enc,3145.107707262039
distancia_sucursal_km,2803.7621002197266
antiguedad_cuenta_meses,2716.59649515152
saldo_sobre_deuda,2716.2233016490936
dias_ultima_interaccion,2436.0830628871918
antiguedad_direccion_meses,2354.571127176285
dias_transaccion_rolling_3_max,2234.1469719409943
saldo_sobre_ingreso,2087.1173231601715
dias_interaccion_lag_1,2054.4500937461853
saldo_rolling_3_mean,2013.0584545135498
edad,2009.8617639541626
deuda_estimada,1954.7942769527435
saldo_promedio,1749.5210049152374
saldo_rolling_6_mean,1723.2354755401611
numero_productos_rolling_3_max,1417.057374715805
saldo_lag_1,1353.7864737510681
visitas_rolling_3_mean,1122.9501242637634
mes_num,1122.2335152626038
ocupacion_enc,947.6619098186493
recencia_relativa,914.6990067958832
dia_preferido_pago,899.8348500728607
delta_dias_interaccion,874.2182021141052
region_enc,657.7869760990143
visitas_web_ultimos_90_dias,656.7417466640472
visitas_lag_1,594.7306518554688
es_nuevo_cliente,500.48477840423584
meses_en_observacion,412.90185165405273
dispositivo_principal_enc,235.13722467422485
tiene_seguro,154.150550365448
tiene_prestamo,143.28862619400024
delta_dias_transaccion,0.0
delta_saldo,0.0
delta_visitas,0.0
delta_numero_productos,0.0
