feature,importance,std_importance
banda_riesgo_enc,26959.576543331146,8467.830697846544
dias_ultima_transaccion,13220.299503326416,4476.3236500323455
numero_productos,10717.045427322388,3911.205182455291
activo_movil,3821.199309825897,1316.1604210090977
prev_dias_ultima_transaccion,3251.2043585777283,1522.347890937417
tiene_tarjeta_credito,2972.1109685897827,1026.973330652039
prev_numero_productos,2565.5006818771362,553.1668131778924
ratio_deuda_ingresos,2508.2707238197327,1016.786731640777
canal_adquisicion_enc,1943.0370435714722,820.2767313724264
antiguedad_cuenta_meses,1875.901695728302,869.2386149842943
ingresos,1821.9783697128296,1038.9351622343852
saldo_sobre_ingreso,1590.6627712249756,904.8203993988093
prev_dias_ultima_interaccion,1558.437002658844,821.577447340152
distancia_sucursal_km,1465.505928516388,716.5387268897841
dias_ultima_interaccion,1300.2144484519958,698.3738124066592
antiguedad_direccion_meses,1214.8553709983826,643.2042294274927
saldo_promedio,1133.504225730896,495.02165436853727
delta_interaccion,1063.2298231124878,549.6477018197813
ratio_productos_antiguedad,939.4724740982056,493.19170552516437
prev_saldo,889.5739483833313,566.0024820021918
edad,711.6243019104004,445.11691894205273
dia_preferido_pago,674.2388997077942,427.5945554880784
mes_num,612.1723480224609,362.27265479719813
visitas_web_ultimos_90_dias,415.5598201751709,231.68699485426166
prev_visitas,383.50335216522217,200.46388254712568
